{
  "project_info": {
    "project_number": "479230117584",
    "firebase_url": "https://lefoodie-ec5e1.firebaseio.com",
    "project_id": "lefoodie-ec5e1",
    "storage_bucket": "lefoodie-ec5e1.appspot.com"
  },
  "client": [
    {
      "client_info": {
        "mobilesdk_app_id": "1:479230117584:android:3db2d573dbb5d80b",
        "android_client_info": {
          "package_name": "com.example.jjy19.lefoodie"
        }
      },
      "oauth_client": [
        {
          "client_id": "479230117584-r7b47hhadkqps31aco0pha5tmvh727n9.apps.googleusercontent.com",
          "client_type": 3
        }
      ],
      "api_key": [
        {
          "current_key": "AIzaSyAckAYC18-LFDTkQymRXkOCHQM5U_ffFSo"
        }
      ],
      "services": {
        "analytics_service": {
          "status": 1
        },
        "appinvite_service": {
          "status": 1,
          "other_platform_oauth_client": []
        },
        "ads_service": {
          "status": 2
        }
      }
    }
  ],
  "configuration_version": "1"
}